标题,缩略图,item-brand,cm-price-interger,cm-price-interger1
特润修护精华眼霜双支装,https://pic.cdfgsanya.com/assets/upload/product/ac4e21507bac15cbcf610a1382c39ef9_400x400.jpg,Estée Lauder 雅诗兰黛,680,
特润修护肌透精华露两支装,https://pic.cdfgsanya.com/assets/upload/product/d25240e39c6b66be69ce4bd62efe1274_400x400.jpg,Estée Lauder 雅诗兰黛,1742,2091
娇韵诗双萃焕活修护精华露两支装,https://pic.cdfgsanya.com/assets/upload/product/1/991142/610/237571/322037_1_pic400_8459.jpg,CLARINS 娇韵诗,1180,1920
资生堂安热沙水能户外清透防晒乳SPF50+,https://pic.cdfgsanya.com/assets/upload/product/8ef8be147de97015c0807035737e8e5b_400x400.jpg,SHISEIDO 资生堂,370,500
安热沙水能户外清透防晒乳套装,https://pic.cdfgsanya.com/assets/upload/product/13b3a72e29e641fa05e5852692e883aa_400x400.jpg,SHISEIDO 资生堂,277,410
兰蔻全新精华肌底液套装,https://pic.cdfgsanya.com/assets/upload/product/d2213396fec42783293be44130bf89ba_400x400.jpg,LANCÔME 兰蔻,1850,2980
特润修护精华眼霜双支装,https://pic.cdfgsanya.com/assets/upload/product/ac4e21507bac15cbcf610a1382c39ef9_400x400.jpg,Estée Lauder 雅诗兰黛,680,
特润修护肌透精华露两支装,https://pic.cdfgsanya.com/assets/upload/product/d25240e39c6b66be69ce4bd62efe1274_400x400.jpg,Estée Lauder 雅诗兰黛,1742,2091
娇韵诗双萃焕活修护精华露两支装,https://pic.cdfgsanya.com/assets/upload/product/1/991142/610/237571/322037_1_pic400_8459.jpg,CLARINS 娇韵诗,1180,1920
资生堂安热沙水能户外清透防晒乳SPF50+,https://pic.cdfgsanya.com/assets/upload/product/8ef8be147de97015c0807035737e8e5b_400x400.jpg,SHISEIDO 资生堂,370,500
安热沙水能户外清透防晒乳套装,https://pic.cdfgsanya.com/assets/upload/product/13b3a72e29e641fa05e5852692e883aa_400x400.jpg,SHISEIDO 资生堂,277,410
兰蔻全新精华肌底液套装,https://pic.cdfgsanya.com/assets/upload/product/d2213396fec42783293be44130bf89ba_400x400.jpg,LANCÔME 兰蔻,1850,2980
兰蔻新清滢柔肤水套装,https://pic.cdfgsanya.com/assets/upload/product/3c5a27bac200119c39210ce25078a899_400x400.jpg,LANCÔME 兰蔻,880,1260
兰芝雪纱丝柔修颜隔离霜40号 两支装,https://pic.cdfgsanya.com/assets/upload/product/1/991142/610/237571/349297_1_pic400_5178.JPG,LANEIGE 兰芝,270,375
黛珂紫苏精华水实惠装 两支装,https://pic.cdfgsanya.com/assets/upload/product/1/991142/610/237571/348786_1_pic400_9042.JPG,COSME DECORTE 黛珂,765,1050
新肌透修护眼部密集精华两支装,https://pic.cdfgsanya.com/assets/upload/product/601/603/225510/228586/228597/302956_1_pic400_4175.jpg,Estée Lauder 雅诗兰黛,770,1180
兰蔻肌底精华眼霜套装,https://pic.cdfgsanya.com/assets/upload/product/db5475a3bb618ee4731301852d906825_400x400.jpg,LANCÔME 兰蔻,745,1040
SK-II 肌因光蕴环采钻白精华露 50ML*2,https://pic.cdfgsanya.com/assets/upload/product/601/603/225510/228586/228593/285147_1_pic400_8544.jpg,SK-II,2058,2880
特润修护肌透精华护肤套装,https://pic.cdfgsanya.com/assets/upload/product/d0acade72d9c0ddfc64c64b8e18efa89_400x400.jpg,Estée Lauder 雅诗兰黛,929,1360
倩碧润肤乳清爽型两支装,https://pic.cdfgsanya.com/assets/upload/product/1/991142/610/237571/276743_1_pic400_5494.jpg,CLINIQUE 倩碧,359,590
兰蔻菁纯臻颜焕亮眼霜套装,https://pic.cdfgsanya.com/assets/upload/product/8b210cafd16eaab9fa7fe9000e894361_400x400.jpg,LANCÔME 兰蔻,1411,2160
菲洛嘉柔润亮泽面膜两件套,https://pic.cdfgsanya.com/assets/upload/product/601/603/225510/228586/228601/349879_1_pic400_761.jpg,FILORGA 菲洛嘉,485,685
